Designator,Val,Package,Mid X,Mid Y,Rotation,Layer
C1,10u,C_0603_1608Metric_Pad1.08x0.95mm_HandSolder,170.688,-94.361,270.0,bottom
C2,10u,C_0603_1608Metric_Pad1.08x0.95mm_HandSolder,165.862,-94.361,270.0,bottom
D1,D,D_SOD-323_HandSoldering,58.42,-82.53,90.0,bottom
D10,D,D_SOD-323_HandSoldering,255.27,-82.53,90.0,bottom
D11,D,D_SOD-323_HandSoldering,274.32,-82.53,90.0,bottom
D12,D,D_SOD-323_HandSoldering,293.37,-82.53,90.0,bottom
D13,D,D_SOD-323_HandSoldering,58.42,-101.58,90.0,bottom
D14,D,D_SOD-323_HandSoldering,77.47,-101.58,90.0,bottom
D15,D,D_SOD-323_HandSoldering,96.52,-101.58,90.0,bottom
D16,D,D_SOD-323_HandSoldering,115.57,-101.58,90.0,bottom
D17,D,D_SOD-323_HandSoldering,134.62,-101.58,90.0,bottom
D18,D,D_SOD-323_HandSoldering,153.67,-101.58,90.0,bottom
D19,D,D_SOD-323_HandSoldering,198.12,-101.58,90.0,bottom
D2,D,D_SOD-323_HandSoldering,77.47,-82.53,90.0,bottom
D20,D,D_SOD-323_HandSoldering,217.17,-101.58,90.0,bottom
D21,D,D_SOD-323_HandSoldering,236.22,-101.58,90.0,bottom
D22,D,D_SOD-323_HandSoldering,255.27,-101.58,90.0,bottom
D23,D,D_SOD-323_HandSoldering,274.32,-101.58,90.0,bottom
D24,D,D_SOD-323_HandSoldering,293.37,-101.58,90.0,bottom
D25,D,D_SOD-323_HandSoldering,58.42,-120.63,90.0,bottom
D26,D,D_SOD-323_HandSoldering,77.47,-120.63,90.0,bottom
D27,D,D_SOD-323_HandSoldering,96.52,-120.63,90.0,bottom
D28,D,D_SOD-323_HandSoldering,115.57,-120.63,90.0,bottom
D29,D,D_SOD-323_HandSoldering,134.62,-120.63,90.0,bottom
D3,D,D_SOD-323_HandSoldering,96.52,-82.53,90.0,bottom
D30,D,D_SOD-323_HandSoldering,153.67,-120.63,90.0,bottom
D31,D,D_SOD-323_HandSoldering,198.12,-120.63,90.0,bottom
D32,D,D_SOD-323_HandSoldering,217.17,-120.63,90.0,bottom
D33,D,D_SOD-323_HandSoldering,236.22,-120.63,90.0,bottom
D34,D,D_SOD-323_HandSoldering,255.27,-120.63,90.0,bottom
D35,D,D_SOD-323_HandSoldering,274.32,-120.63,90.0,bottom
D36,D,D_SOD-323_HandSoldering,293.37,-120.63,90.0,bottom
D37,D,D_SOD-323_HandSoldering,58.42,-139.68,90.0,bottom
D38,D,D_SOD-323_HandSoldering,77.47,-139.68,90.0,bottom
D39,D,D_SOD-323_HandSoldering,96.52,-139.68,90.0,bottom
D4,D,D_SOD-323_HandSoldering,115.57,-82.53,90.0,bottom
D40,D,D_SOD-323_HandSoldering,115.57,-139.68,90.0,bottom
D41,D,D_SOD-323_HandSoldering,134.62,-139.68,90.0,bottom
D42,D,D_SOD-323_HandSoldering,153.67,-139.68,90.0,bottom
D43,D,D_SOD-323_HandSoldering,198.12,-139.68,90.0,bottom
D44,D,D_SOD-323_HandSoldering,217.17,-139.68,90.0,bottom
D45,D,D_SOD-323_HandSoldering,236.22,-139.68,90.0,bottom
D46,D,D_SOD-323_HandSoldering,255.27,-139.68,90.0,bottom
D47,D,D_SOD-323_HandSoldering,274.32,-139.68,90.0,bottom
D48,D,D_SOD-323_HandSoldering,293.37,-139.68,90.0,bottom
D49,D,D_SOD-323_HandSoldering,115.57,-163.81,90.0,bottom
D5,D,D_SOD-323_HandSoldering,134.62,-82.53,90.0,bottom
D50,D,D_SOD-323_HandSoldering,134.62,-163.81,90.0,bottom
D51,D,D_SOD-323_HandSoldering,217.17,-163.81,90.0,bottom
D52,D,D_SOD-323_HandSoldering,236.22,-163.81,90.0,bottom
D6,D,D_SOD-323_HandSoldering,153.67,-82.53,90.0,bottom
D7,D,D_SOD-323_HandSoldering,198.12,-82.53,90.0,bottom
D8,D,D_SOD-323_HandSoldering,217.17,-82.53,90.0,bottom
D9,D,D_SOD-323_HandSoldering,236.22,-82.53,90.0,bottom
Q1,Q_PMOS,SOT-23-3,163.83,-89.662,90.0,bottom
R1,100k,R_0603_1608Metric_Pad0.98x0.95mm_HandSolder,170.561,-97.663,180.0,bottom
SW1,SW_Push,MX_Choc_v1v2_Hotswap_1u,49.775,-76.715,0.0,bottom
SW10,SW_Push,MX_Choc_v1v2_Hotswap_1u,246.625,-76.715,0.0,bottom
SW11,SW_Push,MX_Choc_v1v2_Hotswap_1u,265.675,-76.715,0.0,bottom
SW12,SW_Push,MX_Choc_v1v2_Hotswap_1u,284.725,-76.715,0.0,bottom
SW13,SW_Push,MX_Choc_v1v2_Hotswap_1u,49.775,-95.765,0.0,bottom
SW14,SW_Push,MX_Choc_v1v2_Hotswap_1u,68.825,-95.765,0.0,bottom
SW15,SW_Push,MX_Choc_v1v2_Hotswap_1u,87.875,-95.765,0.0,bottom
SW16,SW_Push,MX_Choc_v1v2_Hotswap_1u,106.925,-95.765,0.0,bottom
SW17,SW_Push,MX_Choc_v1v2_Hotswap_1u,125.975,-95.765,0.0,bottom
SW18,SW_Push,MX_Choc_v1v2_Hotswap_1u,145.025,-95.765,0.0,bottom
SW19,SW_Push,MX_Choc_v1v2_Hotswap_1u,189.475,-95.765,0.0,bottom
SW2,SW_Push,MX_Choc_v1v2_Hotswap_1u,68.825,-76.715,0.0,bottom
SW20,SW_Push,MX_Choc_v1v2_Hotswap_1u,208.525,-95.765,0.0,bottom
SW21,SW_Push,MX_Choc_v1v2_Hotswap_1u,227.575,-95.765,0.0,bottom
SW22,SW_Push,MX_Choc_v1v2_Hotswap_1u,246.625,-95.765,0.0,bottom
SW23,SW_Push,MX_Choc_v1v2_Hotswap_1u,265.675,-95.765,0.0,bottom
SW24,SW_Push,MX_Choc_v1v2_Hotswap_1u,284.725,-95.765,0.0,bottom
SW25,SW_Push,MX_Choc_v1v2_Hotswap_1u,49.775,-114.815,0.0,bottom
SW26,SW_Push,MX_Choc_v1v2_Hotswap_1u,68.825,-114.815,0.0,bottom
SW27,SW_Push,MX_Choc_v1v2_Hotswap_1u,87.875,-114.815,0.0,bottom
SW28,SW_Push,MX_Choc_v1v2_Hotswap_1u,106.925,-114.815,0.0,bottom
SW29,SW_Push,MX_Choc_v1v2_Hotswap_1u,125.975,-114.815,0.0,bottom
SW3,SW_Push,MX_Choc_v1v2_Hotswap_1u,87.875,-76.715,0.0,bottom
SW30,SW_Push,MX_Choc_v1v2_Hotswap_1u,145.025,-114.815,0.0,bottom
SW31,SW_Push,MX_Choc_v1v2_Hotswap_1u,189.475,-114.815,0.0,bottom
SW32,SW_Push,MX_Choc_v1v2_Hotswap_1u,208.525,-114.815,0.0,bottom
SW33,SW_Push,MX_Choc_v1v2_Hotswap_1u,227.575,-114.815,0.0,bottom
SW34,SW_Push,MX_Choc_v1v2_Hotswap_1u,246.625,-114.815,0.0,bottom
SW35,SW_Push,MX_Choc_v1v2_Hotswap_1u,265.675,-114.815,0.0,bottom
SW36,SW_Push,MX_Choc_v1v2_Hotswap_1u,284.725,-114.815,0.0,bottom
SW37,SW_Push,MX_Choc_v1v2_Hotswap_1u,49.775,-133.865,0.0,bottom
SW38,SW_Push,MX_Choc_v1v2_Hotswap_1u,68.825,-133.865,0.0,bottom
SW39,SW_Push,MX_Choc_v1v2_Hotswap_1u,87.875,-133.865,0.0,bottom
SW4,SW_Push,MX_Choc_v1v2_Hotswap_1u,106.925,-76.715,0.0,bottom
SW40,SW_Push,MX_Choc_v1v2_Hotswap_1u,106.925,-133.865,0.0,bottom
SW41,SW_Push,MX_Choc_v1v2_Hotswap_1u,125.975,-133.865,0.0,bottom
SW42,SW_Push,MX_Choc_v1v2_Hotswap_1u,145.025,-133.865,0.0,bottom
SW43,SW_Push,MX_Choc_v1v2_Hotswap_1u,189.475,-133.865,0.0,bottom
SW44,SW_Push,MX_Choc_v1v2_Hotswap_1u,208.525,-133.865,0.0,bottom
SW45,SW_Push,MX_Choc_v1v2_Hotswap_1u,227.575,-133.865,0.0,bottom
SW46,SW_Push,MX_Choc_v1v2_Hotswap_1u,246.625,-133.865,0.0,bottom
SW47,SW_Push,MX_Choc_v1v2_Hotswap_1u,265.675,-133.865,0.0,bottom
SW48,SW_Push,MX_Choc_v1v2_Hotswap_1u,284.725,-133.865,0.0,bottom
SW49,SW_Push,MX_Choc_v1v2_Hotswap_1u,106.925,-157.995,0.0,bottom
SW5,SW_Push,MX_Choc_v1v2_Hotswap_1u,125.975,-76.715,0.0,bottom
SW50,SW_Push,MX_Choc_v1v2_Hotswap_1u,125.975,-157.995,0.0,bottom
SW51,SW_Push,MX_Choc_v1v2_Hotswap_1u,208.525,-157.995,0.0,bottom
SW52,SW_Push,MX_Choc_v1v2_Hotswap_1u,227.575,-157.995,0.0,bottom
SW6,SW_Push,MX_Choc_v1v2_Hotswap_1u,145.025,-76.715,0.0,bottom
SW7,SW_Push,MX_Choc_v1v2_Hotswap_1u,189.475,-76.715,0.0,bottom
SW8,SW_Push,MX_Choc_v1v2_Hotswap_1u,208.525,-76.715,0.0,bottom
SW9,SW_Push,MX_Choc_v1v2_Hotswap_1u,227.575,-76.715,0.0,bottom
U2,XCL103D333CR-G,CL2025-02,168.275,-94.361,270.0,bottom
U3,BU4210G-TR,SSOP5,168.275,-100.33,270.0,bottom
